<?xml version="1.0" encoding="utf-8"?>
<theme version="php">
<id>Fish_HearthStone</id>
<name>HearthStone主题</name>
<url></url>
<note>HearthStone中文站主题</note>
<description>取自HearthStone中文官网设计风格，加了少许细节改动。</description>
<path>main.php</path>
<include>include.php</include>
<level>1</level>
<author>
  <name>天边鱼</name>
  <email>endfish@qq.com</email>
  <url>http://www.tianbianyu.com/</url>
</author>
<source>
  <name>HearthStone中文站</name>
  <email></email>
  <url>http://www.hearthstone.com.cn/</url>
</source>
<adapted>150101</adapted>
<version>1.0</version>
<pubdate>2016-03-15</pubdate>
<modified>2016-03-15</modified>
<price>0</price>
<advanced>
  <dependency></dependency>
  <rewritefunctions></rewritefunctions>
  <conflict></conflict>
</advanced>
<sidebars>
  <sidebar1></sidebar1>
  <sidebar2></sidebar2>
  <sidebar3></sidebar3>
  <sidebar4></sidebar4>
  <sidebar5></sidebar5>
</sidebars>
</theme><!-- app_host:http://localhost/;app_email:;app_user:endfish; -->