<?xml version="1.0" encoding="utf-8"?>
<theme version="php">
<id>DFive</id>
<name>大前端D5博客模板</name>
<url>http://www.huisem.com</url>
<note>移植大前端wp同名主题</note>
<description>移植大前端wp同名主题</description>
<path></path>
<include></include>
<level>1</level>
<author>
  <name>流年</name>
  <email>841217204@qq.com</email>
  <url>http://www.huisem.com</url>
</author>
<source>
  <name>流年</name>
  <email>841217204@qq.com</email>
  <url>http://www.huisem.com</url>
</source>
<adapted>150101</adapted>
<version>1.1</version>
<pubdate>2015-02-09</pubdate>
<modified>2015-02-10</modified>
<price>0</price>
<advanced>
  <dependency></dependency>
  <rewritefunctions></rewritefunctions>
  <conflict></conflict>
</advanced>
<sidebars>
  <sidebar1></sidebar1>
  <sidebar2></sidebar2>
  <sidebar3></sidebar3>
  <sidebar4></sidebar4>
  <sidebar5></sidebar5>
</sidebars>
</theme>